Date,Stock Code,Stock Name,Aggregated Reportable Short Positions (Shares),Aggregated Reportable Short Positions (HK$)
18/04/2019,1,CKH HOLDINGS,2562767,212197108
18/04/2019,2,CLP HOLDINGS,10046615,891134751
18/04/2019,3,HK & CHINA GAS,129158702,2384269639
18/04/2019,4,WHARF HOLDINGS,22712284,507619547
18/04/2019,5,HSBC HOLDINGS,42505972,2873403707
18/04/2019,6,POWER ASSETS,24993039,1362120626
18/04/2019,8,PCCW,51716970,247207117
18/04/2019,10,HANG LUNG GROUP,16844081,392467087
18/04/2019,11,HANG SENG BANK,7845512,1605191755
18/04/2019,12,HENDERSON LAND,13123032,654183145
18/04/2019,14,HYSAN DEV,2093130,88539399
18/04/2019,16,SHK PPT,10816626,1444019571
18/04/2019,17,NEW WORLD DEV,40971016,544095092
18/04/2019,19,SWIRE PACIFIC A,14775736,1458365143
18/04/2019,20,WHEELOCK,4642755,257440765
18/04/2019,23,BANK OF E ASIA,17551286,448435357
18/04/2019,25,CHEVALIER INT'L,0,0
18/04/2019,26,CHINA MOTOR BUS,0,0
18/04/2019,27,GALAXY ENT,84761787,4971278808
18/04/2019,28,TIAN AN,0,0
18/04/2019,32,CROSS-HAR(HOLD),0,0
18/04/2019,34,KOWLOON DEV,0,0
18/04/2019,35,FE CONSORT INTL,8108598,31218102
18/04/2019,41,GREAT EAGLE H,160768,6157414
18/04/2019,43,C.P. POKPHAND,0,0
18/04/2019,45,HK&S HOTELS,2615184,31329904
18/04/2019,50,HK FERRY (HOLD),0,0
18/04/2019,51,HARBOUR CENTRE,0,0
18/04/2019,52,FAIRWOOD HOLD,96000,2606400
18/04/2019,53,GUOCO GROUP,0,0
18/04/2019,54,HOPEWELL HOLD,799000,30841400
18/04/2019,56,ALLIED PPT (HK),0,0
18/04/2019,62,TRANSPORT INT'L,0,0
18/04/2019,64,GET NICE,0,0
18/04/2019,66,MTR CORPORATION,22720404,1078083170
18/04/2019,69,SHANGRI-LA ASIA,17860998,198614298
18/04/2019,71,MIRAMAR HOTEL,0,0
18/04/2019,75,Y.T. REALTY,0,0
18/04/2019,78,REGAL INT'L,0,0
18/04/2019,81,CH OVS G OCEANS,6462507,27465655
18/04/2019,83,SINO LAND,19868923,279357057
18/04/2019,86,SUN HUNG KAI CO,0,0
18/04/2019,88,TAI CHEUNG HOLD,0,0
18/04/2019,95,LVGEM CHINA,0,0
18/04/2019,101,HANG LUNG PPT,34163636,634077084
18/04/2019,102,SUMMIT ASCENT,4176706,6139758
18/04/2019,105,ASSO INT HOTELS,0,0
18/04/2019,106,LANDSEA GREEN,0,0
18/04/2019,107,SICHUAN EXPRESS,2240000,5891200
18/04/2019,112,LERTHAI GROUP,0,0
18/04/2019,116,CHOW SANG SANG,0,0
18/04/2019,119,POLY PROPERTY,11332656,38984337
18/04/2019,120,COSMOPOL INT'L,0,0
18/04/2019,123,YUEXIU PROPERTY,19948608,37902355
18/04/2019,127,CHINESE EST H,1216500,10425405
18/04/2019,135,KUNLUN ENERGY,430255501,3618448763
18/04/2019,136,HENGTEN NET,1551934396,364704583
18/04/2019,142,FIRST PACIFIC,21843266,67714125
18/04/2019,144,CHINA MER PORT,57726924,943257938
18/04/2019,147,IB SETTLEMENT,0,0
18/04/2019,148,KINGBOARD HLDG,8248477,229307661
18/04/2019,151,WANT WANT CHINA,483464840,3002316656
18/04/2019,152,SHENZHEN INT'L,7779751,136923618
18/04/2019,158,MELBOURNE ENT,0,0
18/04/2019,163,EMPEROR INT'L,0,0
18/04/2019,165,CHINA EB LTD,4905995,73295565
18/04/2019,168,TSINGTAO BREW,21953988,1059279921
18/04/2019,171,SILVER GRANT,25548000,39599400
18/04/2019,173,K. WAH INT'L,4572688,22406171
18/04/2019,175,GEELY AUTO,276500548,5010189930
18/04/2019,177,JIANGSU EXPRESS,13906443,150467713
18/04/2019,178,SA SA INT'L,93862696,245920264
18/04/2019,179,JOHNSON ELEC H,2095022,40811029
18/04/2019,182,CONCORD NE,13390494,5155340
18/04/2019,189,DONGYUE GROUP,20431474,136686561
18/04/2019,194,LIU CHONG HING,124000,1698800
18/04/2019,196,HONGHUA GROUP,43957812,31210047
18/04/2019,200,MELCO INT'L DEV,20885864,407692065
18/04/2019,207,JOY CITY PPT,0,0
18/04/2019,215,HUTCHTEL HK,35467573,116688315
18/04/2019,220,U-PRESID CHINA,48751355,340284458
18/04/2019,225,POKFULAM,0,0
18/04/2019,230,MINMETALS LAND,1994000,2971060
18/04/2019,241,ALI HEALTH,137691325,1328721286
18/04/2019,242,SHUN TAK HOLD,11159181,40284643
18/04/2019,245,CN MINSHENG FIN,7195496,1136888
18/04/2019,247,TST PROPERTIES,0,0
18/04/2019,251,SEA HOLDINGS,134000,1356080
18/04/2019,256,CITYCHAMP,2428000,3981920
18/04/2019,257,CHINA EB INT'L,203679409,1580552214
18/04/2019,258,TOMSON GROUP,0,0
18/04/2019,261,GBA INV HLDGS,0,0
18/04/2019,266,TIAN TECK LAND,0,0
18/04/2019,267,CITIC,29890189,351508623
18/04/2019,268,KINGDEE INT'L,283170115,2780730529
18/04/2019,270,GUANGDONG INV,1380000,20010000
18/04/2019,272,SHUI ON LAND,18914892,36694890
18/04/2019,273,MASON GP HOLD,43296884,6148158
18/04/2019,285,BYD ELECTRONIC,86309431,1177260639
18/04/2019,286,CS HEALTH,6618000,3772260
18/04/2019,288,WH GROUP,113286992,1043373196
18/04/2019,289,WING ON CO,0,0
18/04/2019,291,CHINA RES BEER,43273629,1516740696
18/04/2019,293,CATHAY PAC AIR,8993306,125006953
18/04/2019,297,SINOFERT,78356281,78356281
18/04/2019,303,VTECH HOLDINGS,2240766,163575918
18/04/2019,308,CHINA TRAVEL HK,122454245,221642183
18/04/2019,315,SMARTONE TELE,2255311,18831847
18/04/2019,316,OOIL,0,0
18/04/2019,317,COMEC,5011534,45053691
18/04/2019,321,TEXWINCA HOLD,5446000,16283540
18/04/2019,322,TINGYI,74778263,951179505
18/04/2019,323,MAANSHAN IRON,203063217,834589822
18/04/2019,326,CHINA STAR ENT,3460000,2110600
18/04/2019,327,PAX GLOBAL,28599315,106961438
18/04/2019,330,ESPRIT HOLDINGS,98764299,159010521
18/04/2019,332,YUANHENG GAS,0,0
18/04/2019,336,HUABAO INTL,1557000,5916600
18/04/2019,337,GREENLAND HK,3580780,12210460
18/04/2019,338,SHANGHAI PECHEM,175640030,656893712
18/04/2019,341,CAFE DE CORAL H,0,0
18/04/2019,342,NEWOCEAN ENERGY,43512190,93986330
18/04/2019,345,VITASOY INT'L,2479556,97446551
18/04/2019,347,ANGANG STEEL,118191720,679602390
18/04/2019,354,CHINASOFT INT'L,178772563,838443320
18/04/2019,358,JIANGXI COPPER,48692470,545355664
18/04/2019,363,SHANGHAI IND H,877463,16566501
18/04/2019,369,WING TAI PPT,0,0
18/04/2019,371,BJ ENT WATER,264114645,1267750296
18/04/2019,373,ALLIED GROUP,0,0
18/04/2019,376,YUNFENG FIN,0,0
18/04/2019,378,FDG KINETIC,1647419,199338
18/04/2019,383,CHINA MED&HCARE,7710000,1387800
18/04/2019,384,CHINA GAS HOLD,126539538,3125526589
18/04/2019,386,SINOPEC CORP,309821415,1893008846
18/04/2019,388,HKEX,16613168,4605170170
18/04/2019,390,CHINA RAILWAY,60440218,386817395
18/04/2019,392,BEIJING ENT,4461805,188734352
18/04/2019,400,COGOBUY,10564562,31693686
18/04/2019,405,YUEXIU REIT,7297000,38236280
18/04/2019,410,SOHO CHINA,29332056,88582809
18/04/2019,412,CHINA SDHS FIN,0,0
18/04/2019,416,BANKOFJINZHOU,0,0
18/04/2019,419,HUAYI TENCENT,57328194,12382890
18/04/2019,425,MINTH GROUP,96142391,2744865263
18/04/2019,435,SUNLIGHT REIT,0,0
18/04/2019,439,KUANGCHI,45300546,31710382
18/04/2019,440,DAH SING,95200,3922240
18/04/2019,445,CIMC-TIANDA,0,0
18/04/2019,451,GCL NEWENERGY,119369565,38795109
18/04/2019,460,SIHUAN PHARM,110562318,211174027
18/04/2019,467,UNITEDENERGY GP,24940000,36661800
18/04/2019,468,GAPACK,358000,1729140
18/04/2019,472,NEW SILKROAD,0,0
18/04/2019,480,HKR INT'L,0,0
18/04/2019,486,RUSAL,3870000,13583700
18/04/2019,488,LAI SUN DEV,330000,4164600
18/04/2019,489,DONGFENG GROUP,88597386,756621676
18/04/2019,493,GOME RETAIL,1832254539,1557416358
18/04/2019,494,LI & FUNG,343732920,494975405
18/04/2019,496,KASEN,3564800,20961024
18/04/2019,497,CSI PROPERTIES,3000000,1350000
18/04/2019,500,FRONTIER SER,0,0
18/04/2019,506,CHINA FOODS,8561000,26710320
18/04/2019,508,DINGYI GP INV,40662680,22364474
18/04/2019,511,TVB,6406259,103653271
18/04/2019,512,CHINAGRANDPHARM,13412000,63036400
18/04/2019,517,COSCO SHIP INTL,484000,1360040
18/04/2019,519,APPLIED DEV,719454,280587
18/04/2019,520,XIABUXIABU,26559100,346861846
18/04/2019,522,ASM PACIFIC,20771369,2003398540
18/04/2019,525,GUANGSHEN RAIL,15576992,45484817
18/04/2019,526,LISI GP HOLD,0,0
18/04/2019,530,GOLDIN FIN HOLD,0,0
18/04/2019,535,GEMDALE PPT,63970000,69727300
18/04/2019,538,AJISEN (CHINA),10941826,41031848
18/04/2019,546,FUFENG GROUP,46818828,198511831
18/04/2019,547,DIGITAL DOMAIN,269435000,34757115
18/04/2019,548,SHENZHENEXPRESS,3018200,29608542
18/04/2019,551,YUE YUEN IND,10951928,277631375
18/04/2019,552,CHINACOMSERVICE,36032697,250066917
18/04/2019,563,SH IND URBAN,9286000,15600480
18/04/2019,570,TRAD CHI MED,67952293,322093869
18/04/2019,576,ZHEJIANGEXPRESS,15817029,140929728
18/04/2019,579,JNCEC,8350000,13360000
18/04/2019,581,CHINA ORIENTAL,27576376,137330352
18/04/2019,586,CONCH VENTURE,26334888,718942442
18/04/2019,588,BEIJING N STAR,680000,2006000
18/04/2019,590,LUK FOOK HOLD,11205087,326628286
18/04/2019,596,INSPUR INT'L,3916000,16251400
18/04/2019,598,SINOTRANS,22486449,75554469
18/04/2019,603,CHINA OIL & GAS,11975856,5987928
18/04/2019,604,SHENZHEN INVEST,74193060,236675861
18/04/2019,606,CHINA AGRI,25338445,66893495
18/04/2019,607,FULLSHARE,850287829,790767681
18/04/2019,622,ENERCHINA HOLD,7393846,6654461
18/04/2019,627,FULLSUN INT'L,0,0
18/04/2019,631,SANY INT'L,12659000,48610560
18/04/2019,636,KERRY LOG NET,5293085,75161807
18/04/2019,639,SHOUGANG RES,25767551,51277426
18/04/2019,656,FOSUN INTL,39772646,510680775
18/04/2019,658,C TRANSMISSION,41034104,245383942
18/04/2019,659,NWS HOLDINGS,1622000,27217160
18/04/2019,662,ASIA FINANCIAL,0,0
18/04/2019,665,HAITONG INT'L,199875616,601625604
18/04/2019,669,TECHTRONIC IND,23406918,1363452974
18/04/2019,670,CHINA EAST AIR,36325873,217228721
18/04/2019,678,GENTING HK,6134755,6564188
18/04/2019,680,NAN HAI CORP,0,0
18/04/2019,683,KERRY PPT,13759376,471946597
18/04/2019,686,PANDA GREEN,71048310,23801184
18/04/2019,687,HKICIM GROUP,0,0
18/04/2019,688,CHINA OVERSEAS,28166132,809776295
18/04/2019,689,EPI (HOLDINGS),18975000,2466750
18/04/2019,694,BEIJING AIRPORT,53081019,372097943
18/04/2019,696,TRAVELSKY TECH,18957646,374603085
18/04/2019,697,SHOUGANG INT'L,16713349,5264705
18/04/2019,698,TONGDA GROUP,236341343,217434036
18/04/2019,699,CAR INC,98923765,629155145
18/04/2019,700,TENCENT,80361943,31469736879
18/04/2019,707,ATV HOLDINGS,13550000,3021650
18/04/2019,708,EVERG HEALTH,6168926,68475079
18/04/2019,709,GIORDANO INT'L,4490259,17332400
18/04/2019,710,BOE VARITRONIX,2301812,5340204
18/04/2019,715,CHINA OCEANWIDE,0,0
18/04/2019,716,SINGAMAS CONT,4146836,5598229
18/04/2019,717,EMPEROR CAPITAL,8802974,3609219
18/04/2019,721,C FIN INT INV,11313738,1459472
18/04/2019,728,CHINA TELECOM,74004897,304900176
18/04/2019,729,FDG EVEHICLES,177188909,9745390
18/04/2019,732,TRULY INT'L,79373779,103979650
18/04/2019,735,CP CLEAN ENERGY,3995280,21254890
18/04/2019,737,HOPEWELL INFR,0,0
18/04/2019,743,ASIA CEMENT CH,2339000,22009990
18/04/2019,751,SKYWORTHDIGITAL,116483572,316835316
18/04/2019,752,PICO FAR EAST,400000,1152000
18/04/2019,753,AIR CHINA,68617768,688922391
18/04/2019,754,HOPSON DEV HOLD,0,0
18/04/2019,755,SHANGHAI ZENDAI,0,0
18/04/2019,762,CHINA UNICOM,77006849,746196367
18/04/2019,763,ZTE,49987063,1337153935
18/04/2019,772,CHINA LIT,40251856,1495356450
18/04/2019,777,NETDRAGON,1572000,37806600
18/04/2019,778,FORTUNE REIT,0,0
18/04/2019,787,GLOBAL BRANDS,6761647,6761647
18/04/2019,788,CHINA TOWER,815907360,1794996192
18/04/2019,799,IGG,50036373,531386281
18/04/2019,806,VALUE PARTNERS,35985618,229228387
18/04/2019,807,SIICENVIRONMENT,2281800,4449510
18/04/2019,808,PROSPERITY REIT,0,0
18/04/2019,811,XINHUA WINSHARE,550000,3377000
18/04/2019,813,SHIMAO PROPERTY,35085465,850822526
18/04/2019,816,HUADIAN FUXIN,7924000,13312320
18/04/2019,817,CHINA JINMAO,344985991,1866374211
18/04/2019,818,HI SUN TECH,3453050,4868801
18/04/2019,819,TIANNENG POWER,61655887,472900653
18/04/2019,823,LINK REIT,18407002,1675037182
18/04/2019,826,TIANGONG INT'L,12302400,24358752
18/04/2019,831,CR ASIA,0,0
18/04/2019,832,CENTRAL CHINA,3562000,14390480
18/04/2019,836,CHINA RES POWER,17277993,195932441
18/04/2019,839,CHINA EDU GROUP,39554306,516579236
18/04/2019,853,MICROPORT,41533495,302363844
18/04/2019,855,CHINA WATER,30224248,249047804
18/04/2019,856,VSTECS,2656476,11050940
18/04/2019,857,PETROCHINA,139073288,700929372
18/04/2019,860,WE SOLUTIONS,33227857,14620257
18/04/2019,861,DC HOLDINGS,7237734,30181351
18/04/2019,867,CMS,10659084,76105860
18/04/2019,868,XINYI GLASS,66658555,640588714
18/04/2019,874,BAIYUNSHAN PH,6828571,258461412
18/04/2019,877,O-NET TECH GP,3689078,15863035
18/04/2019,880,SJM HOLDINGS,135025906,1288147143
18/04/2019,881,ZHONGSHENG HLDG,81796069,1881309587
18/04/2019,882,TIANJIN DEV,2370000,6588600
18/04/2019,883,CNOOC,94528867,1393355500
18/04/2019,884,CIFI HOLD GP,120153769,675264182
18/04/2019,895,DONGJIANG ENV,1500625,14270944
18/04/2019,902,HUANENG POWER,192641421,916973164
18/04/2019,906,COFCO PACKAGING,31314860,106470524
18/04/2019,914,CONCH CEMENT,49895432,2482297742
18/04/2019,916,CHINA LONGYUAN,50589890,271667709
18/04/2019,921,HISENSE HA,2600507,29021658
18/04/2019,931,CHINA LNG,4070386,4518128
18/04/2019,934,SINOPEC KANTONS,18041500,64949400
18/04/2019,939,CCB,1421739547,10037481202
18/04/2019,941,CHINA MOBILE,35930792,2719960954
18/04/2019,950,LEE'S PHARM,2897739,20371105
18/04/2019,951,CHAOWEI POWER,10363624,37516319
18/04/2019,956,CHINA SUNTIEN,2253094,5294771
18/04/2019,958,HN RENEWABLES,98796513,218340294
18/04/2019,960,LONGFOR GROUP,16760583,476838586
18/04/2019,966,CHINA TAIPING,40687901,1053816636
18/04/2019,968,XINYI SOLAR,220314261,962773321
18/04/2019,973,L'OCCITANE,3557750,50733515
18/04/2019,976,CHIHO ENV,3170000,3930800
18/04/2019,978,CHI MER LAND,0,0
18/04/2019,981,SMIC,482592106,4039295927
18/04/2019,989,GROUND INTL DEV,9775000,2932500
18/04/2019,991,DATANG POWER,29565007,64156065
18/04/2019,992,LENOVO GROUP,485555958,3544558493
18/04/2019,995,ANHUIEXPRESSWAY,1019301,5432874
18/04/2019,996,CARNIVAL GROUP,464689918,23699186
18/04/2019,998,CITIC BANK,115879041,595618271
18/04/2019,999,I.T,554000,2094120
18/04/2019,1003,HUANXI MEDIA,642445,1079308
18/04/2019,1004,C SMARTERENERGY,0,0
18/04/2019,1030,FUTURE LAND,95955596,919254610
18/04/2019,1031,KINGSTON FIN,2942000,5530960
18/04/2019,1033,SINOPEC SSC,25718289,30090398
18/04/2019,1038,CKI HOLDINGS,14916588,937507556
18/04/2019,1044,HENGAN INT'L,52218432,3650068397
18/04/2019,1051,G-RESOURCES,24948972,1821275
18/04/2019,1052,YUEXIUTRANSPORT,16815730,108965930
18/04/2019,1055,CHINA SOUTH AIR,166931327,1236961133
18/04/2019,1060,ALI PICTURES,1039836730,1715730605
18/04/2019,1061,ESSEX BIO-TECH,136000,897600
18/04/2019,1066,WEIGAO GROUP,26600958,205093386
18/04/2019,1070,TCL ELECTRONICS,10513113,46047435
18/04/2019,1071,HUADIAN POWER,38977403,139149329
18/04/2019,1072,DONGFANG ELEC,5054269,34015230
18/04/2019,1076,IMPERIAL PAC,68800000,9081600
18/04/2019,1083,TOWNGAS CHINA,3419641,20688828
18/04/2019,1086,GOODBABY INTL,39921027,89023890
18/04/2019,1088,CHINA SHENHUA,37044202,658645912
18/04/2019,1089,LEYOU TECH H,14430976,36077440
18/04/2019,1093,CSPC PHARMA,154791370,2374499616
18/04/2019,1098,ROAD KING INFRA,461000,8141260
18/04/2019,1099,SINOPHARM,23392264,738025929
18/04/2019,1109,CHINA RES LAND,41795761,1412696722
18/04/2019,1111,CHONG HING BANK,0,0
18/04/2019,1112,H&H INTL HLDG,14161005,637245225
18/04/2019,1113,CK ASSET,6201378,409601017
18/04/2019,1114,BRILLIANCE CHI,379913323,3643368768
18/04/2019,1115,TIBET WATER,17930000,41059700
18/04/2019,1117,CH MODERN D,4549929,5368916
18/04/2019,1122,QINGLING MOTORS,850000,2040000
18/04/2019,1128,WYNN MACAU,87311345,1859731649
18/04/2019,1129,WATER INDUSTRY,4276000,4789120
18/04/2019,1131,AGRITRADE RES,96215284,134701398
18/04/2019,1133,HARBIN ELECTRIC,32570347,133864126
18/04/2019,1138,COSCO SHIP ENGY,57761940,296318752
18/04/2019,1140,OP FINANCIAL,9888000,20863680
18/04/2019,1141,CMBC CAPITAL,249269319,71041756
18/04/2019,1157,ZOOMLION,25603984,126995761
18/04/2019,1169,HAIER ELEC,33347263,771989138
18/04/2019,1171,YANZHOU COAL,55079067,484144999
18/04/2019,1176,ZHUGUANG HOLD,7626000,8922420
18/04/2019,1177,SINO BIOPHARM,377590221,2945203724
18/04/2019,1186,CHINA RAIL CONS,110545222,1046863252
18/04/2019,1193,CHINA RES GAS,42974736,1534198075
18/04/2019,1196,REALORD GROUP,848000,3883840
18/04/2019,1199,COSCO SHIP PORT,18482563,164494811
18/04/2019,1205,CITIC RESOURCES,15428837,11571628
18/04/2019,1208,MMG,176267424,682154931
18/04/2019,1211,BYD COMPANY,148151163,8496469198
18/04/2019,1212,LIFESTYLE INT'L,1798852,25004043
18/04/2019,1216,ZYBANK,0,0
18/04/2019,1221,SINO HOTELS,0,0
18/04/2019,1223,SYMPHONY HOLD,1980000,1980000
18/04/2019,1224,C C LAND,1257000,2275170
18/04/2019,1230,YASHILI INT'L,7390924,8425653
18/04/2019,1233,TIMES CHINA,6415328,94305322
18/04/2019,1234,CHINA LILANG,968000,8828160
18/04/2019,1238,POWERLONG,2328000,9405120
18/04/2019,1243,WANG ON PPT,0,0
18/04/2019,1250,BE CLEAN ENERGY,58107382,7553960
18/04/2019,1252,CHINA TIANRUI,0,0
18/04/2019,1257,CEB GREENTECH,15787875,92674826
18/04/2019,1258,CHINFMINING,0,0
18/04/2019,1266,XIWANG STEEL,739000,1123280
18/04/2019,1270,LANGHAM-SS,1600000,5136000
18/04/2019,1282,CHINA GOLDJOY,95988199,29756342
18/04/2019,1288,ABC,269791006,987435082
18/04/2019,1293,GRAND BAOXIN,48899864,132029633
18/04/2019,1299,AIA,55121337,4393170559
18/04/2019,1302,LIFETECH SCI,30188090,50112229
18/04/2019,1308,SITC,1014000,8994180
18/04/2019,1310,HKBN,2333500,31735600
18/04/2019,1313,CHINARES CEMENT,94457974,799114460
18/04/2019,1316,NEXTEER,40235167,514205434
18/04/2019,1317,MAPLELEAF EDU,76296283,363170307
18/04/2019,1333,CHINA ZHONGWANG,83289400,371470724
18/04/2019,1336,NCI,29943268,1383378982
18/04/2019,1337,RAZER,106385219,218089699
18/04/2019,1339,PICC GROUP,117946795,397480699
18/04/2019,1347,HUA HONG SEMI,43926676,846906313
18/04/2019,1359,CHINA CINDA,330515439,723828811
18/04/2019,1360,MEGAEXPO HLDG,4536677,19144777
18/04/2019,1361,361 DEGREES,37499508,64499154
18/04/2019,1363,CTEG,53074868,18045455
18/04/2019,1368,XTEP INT'L,8691878,42503283
18/04/2019,1375,CC SECURITIES,17014583,37772374
18/04/2019,1378,CHINAHONGQIAO,94804201,608642970
18/04/2019,1381,CANVEST ENV,12630978,49513434
18/04/2019,1382,PACIFICTEXTILES,5309373,36687767
18/04/2019,1383,SUNCITY GROUP,12720000,29637600
18/04/2019,1385,SHANGHAI FUDAN,980000,12818400
18/04/2019,1387,RENHE COMM,108904925,29948854
18/04/2019,1398,ICBC,231920998,1391525988
18/04/2019,1426,SPRING REIT,0,0
18/04/2019,1432,CHINA SHENGMU,38556694,14458760
18/04/2019,1448,FU SHOU YUAN,20425899,144819624
18/04/2019,1458,ZHOU HEI YA,62437803,265360663
18/04/2019,1478,Q TECH,14189721,121747806
18/04/2019,1508,CHINA RE,54296648,89046503
18/04/2019,1513,LIVZON PHARMA,1287517,36372355
18/04/2019,1515,CR MEDICAL,19874676,120241790
18/04/2019,1518,NC HEALTHCARE,0,0
18/04/2019,1528,RS MACALLINE,1585426,12065092
18/04/2019,1530,3SBIO,99075318,1537648935
18/04/2019,1548,GENSCRIPT BIO,68725758,1415750615
18/04/2019,1551,GRCB,0,0
18/04/2019,1558,HEC PHARM,3823600,147973320
18/04/2019,1561,MANFIELD CHEM,0,0
18/04/2019,1566,CHINA ANIMATION,10039274,22889545
18/04/2019,1568,SUNDART HLDGS,0,0
18/04/2019,1569,MINSHENG EDU,0,0
18/04/2019,1573,SOUTHERN ENERGY,148000,1962480
18/04/2019,1578,BANK OF TIANJIN,0,0
18/04/2019,1579,YIHAI INTL,25044428,916626065
18/04/2019,1585,YADEA,12312000,33488640
18/04/2019,1589,CNLP,6223526,17985990
18/04/2019,1600,TIAN LUN GAS,1785500,14587535
18/04/2019,1606,CDB LEASING,0,0
18/04/2019,1608,VPOWER GROUP,0,0
18/04/2019,1610,COFCO MEAT,23186000,73035900
18/04/2019,1617,NANFANG COMM,564000,2684640
18/04/2019,1618,MCC,18899290,43468367
18/04/2019,1622,REDCO GROUP,24829957,79704162
18/04/2019,1628,YUZHOU PPT,24862578,109892595
18/04/2019,1636,CMRU,719730,2763763
18/04/2019,1638,KAISA GROUP,129771335,438627112
18/04/2019,1658,PSBC,918278537,4334274695
18/04/2019,1660,ZHAOBANGJI PPT,0,0
18/04/2019,1666,TONG REN TANG,12767586,140698798
18/04/2019,1668,CHINASOUTHCITY,16372000,20792440
18/04/2019,1672,ASCLETIS-B,0,0
18/04/2019,1680,MACAU LEGEND,5044000,6456320
18/04/2019,1681,CONSUN PHARMA,3173000,16467870
18/04/2019,1686,SUNEVISION,4463545,29905752
18/04/2019,1708,SAMPLE TECH,0,0
18/04/2019,1717,AUSNUTRIA,6416000,68522880
18/04/2019,1720,PUTIAN COMM,0,0
18/04/2019,1727,HEBEI CONS,0,0
18/04/2019,1728,ZHENGTONGAUTO,137228512,650463147
18/04/2019,1765,HOPE EDU,21490000,26432700
18/04/2019,1766,CRRC,96695094,697171628
18/04/2019,1772,GANFENGLITHIUM,1788600,25219260
18/04/2019,1776,GF SEC,50402661,569550069
18/04/2019,1777,FANTASIA,13510500,21346590
18/04/2019,1778,COLOUR LIFE,9545609,56032725
18/04/2019,1787,SD GOLD,242250,4200615
18/04/2019,1788,GUOTAI JUNAN I,268089609,428943374
18/04/2019,1789,AK MEDICAL,6081118,24932584
18/04/2019,1798,DATANG RENEW,0,0
18/04/2019,1799,XINTE ENERGY,0,0
18/04/2019,1800,CHINA COMM CONS,55554424,447213113
18/04/2019,1803,BJ SPORTS & ENT,9987479,22471828
18/04/2019,1806,HUIFU PAYMENT,1106400,4735392
18/04/2019,1810,XIAOMI-W,696383161,8147682984
18/04/2019,1811,CGN NEW ENERGY,2146000,2575200
18/04/2019,1812,CHENMING PAPER,2860815,12272896
18/04/2019,1813,KWG GROUP,98245224,921540201
18/04/2019,1816,CGN POWER,415494498,905778006
18/04/2019,1818,ZHAOJIN MINING,66284256,478572328
18/04/2019,1828,DCH HOLDINGS,1069000,3100100
18/04/2019,1829,CMEC,5265971,20695266
18/04/2019,1833,PA GOODDOCTOR,32561630,1372472705
18/04/2019,1836,STELLA HOLDINGS,187639,2240410
18/04/2019,1848,CALC,1349500,12212975
18/04/2019,1862,JINGRUI HLDGS,1466000,4178100
18/04/2019,1866,CHINA XLX FERT,0,0
18/04/2019,1881,REGAL REIT,0,0
18/04/2019,1882,HAITIAN INT'L,17586458,330625410
18/04/2019,1883,CITIC TELECOM,3657000,12031530
18/04/2019,1888,KB LAMINATES,28134069,248986511
18/04/2019,1898,CHINA COAL,33543408,118408230
18/04/2019,1899,XINGDA INT'L,9956972,25191139
18/04/2019,1908,C&D INTL GROUP,838000,8380000
18/04/2019,1910,SAMSONITE,39101681,893473411
18/04/2019,1911,CR HOLDINGS,127800,2575170
18/04/2019,1913,PRADA,20498655,451995343
18/04/2019,1916,JIANGXI BANK,3130000,19875500
18/04/2019,1918,SUNAC,93967731,3923152769
18/04/2019,1919,COSCO SHIP HOLD,113021389,427220850
18/04/2019,1928,SANDS CHINA LTD,66932991,2881465263
18/04/2019,1929,CHOW TAI FOOK,9190000,80504400
18/04/2019,1958,BAIC MOTOR,87870103,550945546
18/04/2019,1963,BCQ,2599309,13386441
18/04/2019,1966,CHINA SCE GROUP,35771694,134501569
18/04/2019,1970,IMAX CHINA,4068642,89510124
18/04/2019,1972,SWIREPROPERTIES,9103191,289026314
18/04/2019,1980,TIANGE,4941269,14428505
18/04/2019,1988,MINSHENG BANK,197210815,1197069647
18/04/2019,1996,RSUN PPT,0,0
18/04/2019,1997,WHARF REIC,11217689,653991269
18/04/2019,1999,MAN WAH HLDGS,100916650,453115759
18/04/2019,2001,NEW HIGHER EDU,40098269,148363595
18/04/2019,2003,VCREDIT,147000,1342110
18/04/2019,2005,SSY GROUP,45669285,346173180
18/04/2019,2006,JINJIANG HOTELS,7434000,14868000
18/04/2019,2007,COUNTRY GARDEN,537211137,6951512113
18/04/2019,2009,BBMG,175179684,520283661
18/04/2019,2014,OZNER WATER,40833000,53491230
18/04/2019,2016,CZBANK,0,0
18/04/2019,2018,AAC TECH,75341442,4075972012
18/04/2019,2020,ANTA SPORTS,16937013,936616819
18/04/2019,2038,FIH,174179459,261269189
18/04/2019,2039,CIMC,421838,4505230
18/04/2019,2048,E-HOUSE ENT,1435800,15363060
18/04/2019,2051,51 CREDIT CARD,1169000,6581470
18/04/2019,2066,SHENGJINGBANK,0,0
18/04/2019,2098,ZALL SMARTCOM,5400000,18360000
18/04/2019,2099,CHINAGOLDINTL,98300,1051810
18/04/2019,2128,CHINA LESSO,1483000,7948880
18/04/2019,2136,LIFESTYLE CHI,8607339,24272696
18/04/2019,2139,BANK OF GANSU,0,0
18/04/2019,2186,LUYE PHARMA,149673038,1073155682
18/04/2019,2196,FOSUN PHARMA,40198392,1155703770
18/04/2019,2198,CHINA SANJIANG,1231200,2733264
18/04/2019,2202,CHINA VANKE,41791248,1349857310
18/04/2019,2208,GOLDWIND,56004201,508518145
18/04/2019,2232,CRYSTAL INTL,6230070,24671077
18/04/2019,2233,WESTCHINACEMENT,21958250,24812823
18/04/2019,2238,GAC GROUP,196791172,1971847543
18/04/2019,2255,HAICHANG HLDG,2892000,4713960
18/04/2019,2269,WUXI BIO,25541802,2049729611
18/04/2019,2280,HC GROUP,28030353,115765358
18/04/2019,2282,MGM CHINA,96815107,1591640359
18/04/2019,2283,TK GROUP HLDG,0,0
18/04/2019,2298,COSMO LADY,5502890,13702196
18/04/2019,2299,BILLION IND,0,0
18/04/2019,2303,HENGXING GOLD,0,0
18/04/2019,2313,SHENZHOU INTL,5088866,531786497
18/04/2019,2314,LEE & MAN PAPER,22457511,147321272
18/04/2019,2318,PING AN,1236394010,116839233945
18/04/2019,2319,MENGNIU DAIRY,54822790,1554226097
18/04/2019,2322,NOBLE CENTURY,1000000,690000
18/04/2019,2328,PICC P&C,92488792,865695093
18/04/2019,2329,GUORUI PPT,9870268,16779456
18/04/2019,2331,LI NING,41285755,585432006
18/04/2019,2333,GREATWALL MOTOR,632055765,4405428682
18/04/2019,2338,WEICHAI POWER,126827410,1816168511
18/04/2019,2342,COMBA,122159220,257755954
18/04/2019,2343,PACIFIC BASIN,254045657,421715791
18/04/2019,2356,DAHSING BANKING,1559082,23355048
18/04/2019,2357,AVICHINA,129075507,602782618
18/04/2019,2359,WUXI APPTEC,4301046,425588502
18/04/2019,2362,JINCHUAN INTL,45631000,36961110
18/04/2019,2378,PRU,0,0
18/04/2019,2380,CHINA POWER,101181612,208434121
18/04/2019,2382,SUNNY OPTICAL,60201808,5993089986
18/04/2019,2383,TOM GROUP,0,0
18/04/2019,2386,SINOPEC SEG,12123643,87047757
18/04/2019,2388,BOC HONG KONG,38994936,1378470988
18/04/2019,2393,YESTAR HEALTH,0,0
18/04/2019,2399,FORDOO,0,0
18/04/2019,2488,LAUNCH TECH,171500,1255380
18/04/2019,2552,HUA MEDICINE-B,1833500,13402885
18/04/2019,2588,BOC AVIATION,14824121,1014711082
18/04/2019,2600,CHALCO,194448345,651401956
18/04/2019,2601,CPIC,149593416,5063737132
18/04/2019,2607,SH PHARMA,8611768,149155822
18/04/2019,2608,SUNSHINE 100,1930000,3030100
18/04/2019,2611,GTJA,10625047,174675773
18/04/2019,2628,CHINA LIFE,133124760,2915432244
18/04/2019,2638,HKELECTRIC-SS,127005387,980481588
18/04/2019,2662,CAMSING INTL,19056434,168840005
18/04/2019,2666,UNI MEDICAL,35421680,238033690
18/04/2019,2669,CHINA OVS PPT,22698723,86482135
18/04/2019,2678,TEXHONG TEXTILE,413500,4945460
18/04/2019,2686,AAG ENERGY,0,0
18/04/2019,2688,ENN ENERGY,19845751,1494385050
18/04/2019,2689,ND PAPER,91815056,715239286
18/04/2019,2698,WEIQIAO TEXTILE,215000,698750
18/04/2019,2727,SH ELECTRIC,92879138,292569285
18/04/2019,2768,JIAYUAN INTL,87700151,328875566
18/04/2019,2777,R&F PROPERTIES,106014209,1753475017
18/04/2019,2778,CHAMPION REIT,12083414,78783859
18/04/2019,2779,CH XINHUA EDU,774000,2213640
18/04/2019,2799,CHINA HUARONG,531974721,899037278
18/04/2019,2800,TRACKER FUND,16271500,492212875
18/04/2019,2801,ISHARES CHINA,0,0
18/04/2019,2802,ISHARES EM ASIA,0,0
18/04/2019,2803,PREMIA BEDROCK,0,0
18/04/2019,2805,VANGUARDASXJP,0,0
18/04/2019,2808,EFUND CG BOND,0,0
18/04/2019,2810,PREMIAEMASEAN,0,0
18/04/2019,2811,HT CSI300 ETF,0,0
18/04/2019,2812,SAMSUNGCDRAGON,0,0
18/04/2019,2813,CAM CTPB BOND,0,0
18/04/2019,2819,ABF HK IDX ETF,0,0
18/04/2019,2821,ABF PAIF,0,0
18/04/2019,2822,CSOP A50 ETF,78013316,1218567996
18/04/2019,2823,ISHARES A50,40279300,626745908
18/04/2019,2824,LIPPO HK&M PROP,0,0
18/04/2019,2825,WISECSIHK100ETF,0,0
18/04/2019,2827,WISE CSI300 ETF,0,0
18/04/2019,2828,HSCEI ETF,2505750,297683100
18/04/2019,2832,BOSERA FA50,0,0
18/04/2019,2833,HS HSI ETF,0,0
18/04/2019,2834,ISHARESND100,0,0
18/04/2019,2836,ISHARES INDIA,0,0
18/04/2019,2838,HS FCI50 ETF,0,0
18/04/2019,2840,SPDR GOLD TRUST,0,0
18/04/2019,2843,AMUNDI A50,0,0
18/04/2019,2846,ISHARESCSI300,0,0
18/04/2019,2847,ISHARESFS100,0,0
18/04/2019,2848,TRMSCIKOREA,0,0
18/04/2019,2858,YIXIN,27606823,57422192
18/04/2019,2866,COSCO SHIP DEV,82053780,90259158
18/04/2019,2868,BJ CAPITAL LAND,21157047,67490980
18/04/2019,2869,GREENTOWN SER,33928000,236138880
18/04/2019,2877,SHINEWAY PHARM,2329803,18009377
18/04/2019,2880,DALIAN PORT,6612022,7008743
18/04/2019,2883,CHINA OILFIELD,92926902,790807936
18/04/2019,2888,STANCHART,1411160,95888322
18/04/2019,2899,ZIJIN MINING,80391280,272526439
18/04/2019,3007,TRFXIC50,0,0
18/04/2019,3008,C-SHS CSI 300,0,0
18/04/2019,3010,ISHARES AXJ,0,0
18/04/2019,3012,AMUNDI HK35,0,0
18/04/2019,3015,X TRNIFTY50,0,0
18/04/2019,3016,TRMSCIPHIL,0,0
18/04/2019,3019,X TRMSCIWORLD,0,0
18/04/2019,3020,X TRMSCIUSA,0,0
18/04/2019,3023,PA AI&ROBOTICS,0,0
18/04/2019,3024,WISE SSE50ETF,0,0
18/04/2019,3027,X TRMSCIRUSSIA,0,0
18/04/2019,3036,TRMSCITAIWAN,0,0
18/04/2019,3040,MR MSCI CN ETF,0,0
18/04/2019,3041,VALUE KOREA ETF,0,0
18/04/2019,3043,TRMSCIPACEXJ,0,0
18/04/2019,3046,VALUE CHINA ETF,0,0
18/04/2019,3048,TRMSCIBRAZIL,0,0
18/04/2019,3049,X TRCSI300,0,0
18/04/2019,3053,CSOP HKD MM,0,0
18/04/2019,3055,TRMSCICHINA,0,0
18/04/2019,3060,VALUE TW ETF,0,0
18/04/2019,3065,TRMSCISG,0,0
18/04/2019,3070,PING AN HKDIV,0,0
18/04/2019,3073,SPDR GREATCHINA,0,0
18/04/2019,3074,ISHARESMSCITW,0,0
18/04/2019,3079,CICC CGB,0,0
18/04/2019,3080,PING AN CGB,0,0
18/04/2019,3081,VALUEGOLD ETF,0,0
18/04/2019,3082,TRMSCIMALAY,0,0
18/04/2019,3084,VALUE JAPAN ETF,0,0
18/04/2019,3085,VANGUARDAXJHY,0,0
18/04/2019,3086,BMO NASDAQ100,0,0
18/04/2019,3087,X TRFTSEVIET,0,0
18/04/2019,3092,TRMSCITHAI,0,0
18/04/2019,3093,CICCSELECT100,0,0
18/04/2019,3095,VALUE A SHARE,0,0
18/04/2019,3096,CSOP USD MM,0,0
18/04/2019,3097,F MR OIL ETF,0,0
18/04/2019,3099,X TRMSCIINDO,0,0
18/04/2019,3100,EFUND CSI100,0,0
18/04/2019,3101,VANGUARDDVEUR,0,0
18/04/2019,3110,MR HS HDIVY ETF,0,0
18/04/2019,3115,ISHARESHSI,0,0
18/04/2019,3116,XIE GOLD MINERS,0,0
18/04/2019,3118,HGI MSCI CN A,0,0
18/04/2019,3120,EFUND CES 120,0,0
18/04/2019,3121,BMO AP REAL EST,0,0
18/04/2019,3122,CSOP CNSTBOND,0,0
18/04/2019,3126,VANGUARDJAPAN,0,0
18/04/2019,3127,MR CSI300 ETF,0,0
18/04/2019,3128,HS AINDTOPETF,0,0
18/04/2019,3129,CSOP 300SMART,0,0
18/04/2019,3135,F CSOP OIL ETF,0,0
18/04/2019,3136,HGI MSCIA50,0,0
18/04/2019,3137,CSOP CES A80,0,0
18/04/2019,3140,VANGUARDSP500,0,0
18/04/2019,3141,BMO ASIA IGB,0,0
18/04/2019,3143,BMO HK BANKS,0,0
18/04/2019,3145,BMO ASIA HIGHDV,0,0
18/04/2019,3146,ISHARESDAX,0,0
18/04/2019,3147,CSOP CHINEXT,0,0
18/04/2019,3149,CSOP MSCI,0,0
18/04/2019,3150,HGI CSI500,0,0
18/04/2019,3155,ISHARESES50,0,0
18/04/2019,3156,GFI MSCI A I,0,0
18/04/2019,3157,CAM SCSMALLCAP,0,0
18/04/2019,3160,BMO JAPAN HDG,0,0
18/04/2019,3161,XIE CHIMER ETF,0,0
18/04/2019,3163,PA MULTI-FACTOR,0,0
18/04/2019,3165,BMO EU QLTY HDG,0,0
18/04/2019,3166,PA QLTY FACTOR,0,0
18/04/2019,3167,ICBCCSOPCHINA,0,0
18/04/2019,3169,VANGUARDCHINA,0,0
18/04/2019,3170,ISHARESKS200,0,0
18/04/2019,3171,COMSTAGE DAX,0,0
18/04/2019,3173,PREMIA NEW ECON,0,0
18/04/2019,3175,F SAMSUNG OIL,0,0
18/04/2019,3177,COMSTAGE DIVDAX,0,0
18/04/2019,3180,CAM CES A80,0,0
18/04/2019,3181,PREMIAASIATEC,0,0
18/04/2019,3182,WISE NEW ECON50,0,0
18/04/2019,3186,CICCKRANECNET,0,0
18/04/2019,3188,CAM CSI300,46284299,2237845857
18/04/2019,3197,CAM MSCI AINC,0,0
18/04/2019,3198,PING AN 5HANDL,0,0
18/04/2019,3199,CSOP 5YCGBOND,0,0
18/04/2019,3301,RONSHINECHINA,4885655,55598754
18/04/2019,3306,JNBY,2008000,31565760
18/04/2019,3308,GOLDEN EAGLE,672000,6283200
18/04/2019,3309,C-MER EYE,3903000,19397910
18/04/2019,3311,CHINA STATE CON,201879595,1631187128
18/04/2019,3319,A-LIVING,5585286,72832129
18/04/2019,3320,CHINARES PHARMA,12101000,138193420
18/04/2019,3323,CNBM,139154251,1036699170
18/04/2019,3328,BANKCOMM,77843396,523107621
18/04/2019,3331,VINDA INT'L,322000,5055400
18/04/2019,3333,EVERGRANDE,318366721,8086514713
18/04/2019,3336,JU TENG INTL,3326183,7517174
18/04/2019,3337,ANTON OILFIELD,38802000,45786360
18/04/2019,3339,LONKING,31755951,90186901
18/04/2019,3360,FE HORIZON,36305655,307145841
18/04/2019,3369,QHD PORT,0,0
18/04/2019,3377,SINO-OCEAN GP,127842959,475575807
18/04/2019,3380,LOGAN PPT,60566053,782513405
18/04/2019,3382,TIANJINPORT DEV,5274000,4904820
18/04/2019,3383,AGILE GROUP,80406154,1003468802
18/04/2019,3393,WASION HOLDINGS,2286671,9261018
18/04/2019,3396,LEGENDHOLDING,6096351,131071547
18/04/2019,3606,FUYAO GLASS,15710659,479175100
18/04/2019,3613,TONGRENTANGCM,1633000,24592980
18/04/2019,3618,CQRC BANK,40431674,194880669
18/04/2019,3633,ZHONGYU GAS,7399997,55647977
18/04/2019,3639,YIDA CHINA,0,0
18/04/2019,3669,YONGDA AUTO,31687897,238609864
18/04/2019,3683,GREAT HARVEST,552500,1027650
18/04/2019,3690,MEITUAN-W,149703678,8263643026
18/04/2019,3698,HUISHANG BANK,0,0
18/04/2019,3700,INKE,22499000,44323030
18/04/2019,3709,KORADIOR,0,0
18/04/2019,3799,DALI FOODS,105985982,579743322
18/04/2019,3800,GCL-POLY ENERGY,961423880,557625850
18/04/2019,3808,SINOTRUK,188227752,3523623517
18/04/2019,3813,POU SHENG INT'L,25980600,49882752
18/04/2019,3818,CHINA DONGXIANG,38186976,45824371
18/04/2019,3836,HARMONY AUTO,32028800,97367552
18/04/2019,3866,BQD,0,0
18/04/2019,3883,CHINA AOYUAN,29772000,280154520
18/04/2019,3888,KINGSOFT,85120787,1813072763
18/04/2019,3898,CRRC TIMES ELEC,13569679,563141679
18/04/2019,3899,CIMC ENRIC,5942000,48843240
18/04/2019,3900,GREENTOWN CHINA,22266633,169894410
18/04/2019,3908,CICC,136507071,2405254591
18/04/2019,3918,NAGACORP,13931475,135971196
18/04/2019,3933,UNITED LAB,130331060,612555982
18/04/2019,3958,DFZQ,4576000,28325440
18/04/2019,3968,CM BANK,194238898,7876387314
18/04/2019,3969,CHINA CRSC,33749318,214308169
18/04/2019,3983,CHINA BLUECHEM,23932074,66770486
18/04/2019,3988,BANK OF CHINA,272591657,1038574213
18/04/2019,3993,CMOC,465108379,1562764153
18/04/2019,3996,CH ENERGY ENG,0,0
18/04/2019,3998,BOSIDENG,50422505,118997112
18/04/2019,4332,AMGEN-T,0,0
18/04/2019,4333,CISCO-T,0,0
18/04/2019,4335,INTEL-T,0,0
18/04/2019,4336,APPL MATERIAL-T,0,0
18/04/2019,4337,STARBUCKS-T,0,0
18/04/2019,4338,MICROSOFT-T,0,0
18/04/2019,6030,CITIC SEC,252365693,4542582474
18/04/2019,6058,CISI FIN,0,0
18/04/2019,6060,ZA ONLINE,34449687,986983533
18/04/2019,6066,CSC,17415500,121560190
18/04/2019,6068,WISDOM EDU INTL,4600000,21344000
18/04/2019,6088,FIT HON TENG,2965963,12842620
18/04/2019,6098,CG SERVICES,40657960,581408828
18/04/2019,6099,CMSC,1352000,15439840
18/04/2019,6100,TALENT LIEPIN,5955000,120886500
18/04/2019,6116,LA CHAPELLE,68200,303490
18/04/2019,6122,JIUTAI RCB,0,0
18/04/2019,6138,HARBIN BANK,0,0
18/04/2019,6139,JINMAO HOTEL-SS,0,0
18/04/2019,6158,ZHENRO PPT,5618000,29887760
18/04/2019,6160,BEIGENE-B,0,0
18/04/2019,6166,CHINA VAST,0,0
18/04/2019,6168,CHINA U-TON,0,0
18/04/2019,6169,YUHUA EDU,193941016,709824119
18/04/2019,6178,EB SECURITIES,4238952,33233384
18/04/2019,6190,BANKOFJIUJIANG,0,0
18/04/2019,6196,BANKOFZHENGZHOU,0,0
18/04/2019,6198,QINGDAO PORT,3859021,21147435
18/04/2019,6808,SUNART RETAIL,132937449,931891517
18/04/2019,6818,CEB BANK,67188498,260019487
18/04/2019,6823,HKT-SS,15929344,198479626
18/04/2019,6826,HAOHAI BIOTEC,625600,37004240
18/04/2019,6828,BG BLUE SKY,156308581,42203317
18/04/2019,6837,HAITONG SEC,132520136,1378209414
18/04/2019,6858,HONMAGOLF,308500,2381620
18/04/2019,6860,FINGERTANGO,0,0
18/04/2019,6862,HAIDILAO,14805000,444150000
18/04/2019,6868,TENFU,0,0
18/04/2019,6869,YOFC,26310553,570939000
18/04/2019,6878,DIFFER GROUP,0,0
18/04/2019,6881,CGS,273685265,1524426926
18/04/2019,6886,HTSC,88660926,1381337227
18/04/2019,6889,DYNAM JAPAN,0,0
18/04/2019,7200,FL2 CSOP HSI,0,0
18/04/2019,7205,FL2SAMSUNGHSI,0,0
18/04/2019,7210,XL2 XIE CHIMER,0,0
18/04/2019,7221,FL2CAMDXNHSI,0,0
18/04/2019,7228,FL2SAMSUNGHSCEI,0,0
18/04/2019,7230,FL2 MR HSCEI,0,0
18/04/2019,7231,FL2 MR HSI,0,0
18/04/2019,7242,FL2EFUND YT HSI,0,0
18/04/2019,7261,FL2CAMDXNNDQ100,0,0
18/04/2019,7267,FL2CAMDXNHSCEI,0,0
18/04/2019,7288,FL2 CSOP HSCEI,0,0
18/04/2019,7300,FI CSOP HSI,0,0
18/04/2019,7302,FI EFUND YT HSI,0,0
18/04/2019,7312,FISAMSUNGHSI,0,0
18/04/2019,7321,FICAMDXNHSI,0,0
18/04/2019,7322,XI MR S&P500,0,0
18/04/2019,7328,FISAMSUNGHSCEI,0,0
18/04/2019,7331,FICAMDXNNDQ100,0,0
18/04/2019,7336,FI MR HSI,0,0
18/04/2019,7341,FICAMDXNHSCEI,0,0
18/04/2019,7362,FI MR HSCEI,0,0
18/04/2019,7388,FI CSOP HSCEI,0,0
18/04/2019,8032,VIVA CHINA,4686976,3421492
18/04/2019,8047,CHINAOCEAN FISH,1388000,576020
18/04/2019,8057,MADISON HLDG,4760000,2903600
18/04/2019,8083,CHINA YOUZAN,175379161,110488871
18/04/2019,8137,HONBRIDGE,14098624,13675665
18/04/2019,8207,CHONGSING HLDGS,24264000,1528632
18/04/2019,8265,CHINA TRUSTFUL,0,0
18/04/2019,8279,AGTECH HOLDINGS,0,0
18/04/2019,8283,ZHENG LI HLDG,4060000,6293000
18/04/2019,8293,SINGASIA HLDG,445000,2314000
18/04/2019,8469,SHENGYE CAPITAL,1158000,7955460
18/04/2019,9010,ISHARES AXJ-U,0,0
18/04/2019,9074,ISHARESMSCITW-U,0,0
18/04/2019,9081,VALUEGOLD ETF-U,0,0
18/04/2019,9085,VANGUARDAXJHY-U,0,0
18/04/2019,9086,BMO NASDAQ100-U,0,0
18/04/2019,9096,CSOP USD MM-U,0,0
18/04/2019,9101,VANGUARDDVEUR-U,0,0
18/04/2019,9115,ISHARESHSI-U,0,0
18/04/2019,9126,VANGUARDJAPAN-U,0,0
18/04/2019,9140,VANGUARDSP500-U,0,0
18/04/2019,9141,BMO ASIA IGB-U,0,0
18/04/2019,9146,ISHARESDAX-U,0,0
18/04/2019,9155,ISHARESES50-U,0,0
18/04/2019,9167,ICBCCSOPCHINA-U,0,0
18/04/2019,9169,VANGUARDCHINA-U,0,0
18/04/2019,9170,ISHARESKS200-U,0,0
18/04/2019,9181,PREMIAASIATEC-U,0,0
18/04/2019,9186,CICCKRANECNET-U,0,0
18/04/2019,9199,CSOP 5YCGBOND-U,0,0
18/04/2019,9805,VANGUARDASXJP-U,0,0
18/04/2019,9810,PREMIAEMASEAN-U,0,0
18/04/2019,9834,ISHARESND100-U,0,0
18/04/2019,9836,ISHARES INDIA-U,0,0
18/04/2019,9846,ISHARESCSI300-U,0,0
18/04/2019,9847,ISHARESFS100-U,0,0
18/04/2019,82805,VANGUARDASXJP-R,0,0
18/04/2019,82808,EFUND CG BOND-R,0,0
18/04/2019,82811,HT CSI300 ETF-R,0,0
18/04/2019,82813,CAM CTPB BOND-R,0,0
18/04/2019,82822,CSOP A50 ETF-R,0,0
18/04/2019,82823,ISHARES A50-R,0,0
18/04/2019,82828,HSCEI ETF-R,0,0
18/04/2019,82832,BOSERA FA50-R,0,0
18/04/2019,82833,HS HSI ETF-R,0,0
18/04/2019,82834,ISHARESND100-R,0,0
18/04/2019,82836,ISHARES INDIA-R,0,0
18/04/2019,82843,AMUNDI A50-R,0,0
18/04/2019,82846,ISHARESCSI300-R,0,0
18/04/2019,82847,ISHARESFS100-R,0,0
18/04/2019,83008,C-SHS CSI 300-R,0,0
18/04/2019,83010,ISHARES AXJ-R,0,0
18/04/2019,83012,AMUNDI HK35-R,0,0
18/04/2019,83053,CSOP HKD MM-R,0,0
18/04/2019,83074,ISHARESMSCITW-R,0,0
18/04/2019,83079,CICC CGB-R,0,0
18/04/2019,83081,VALUEGOLD ETF-R,0,0
18/04/2019,83085,VANGUARDAXJHY-R,0,0
18/04/2019,83093,CICCSELECT100-R,0,0
18/04/2019,83095,VALUE A SHARE-R,0,0
18/04/2019,83100,EFUND CSI100-R,0,0
18/04/2019,83101,VANGUARDDVEUR-R,0,0
18/04/2019,83115,ISHARESHSI-R,0,0
18/04/2019,83118,HGI MSCI CN A-R,0,0
18/04/2019,83120,EFUND CES 120-R,0,0
18/04/2019,83122,CSOP CNSTBOND-R,0,0
18/04/2019,83126,VANGUARDJAPAN-R,0,0
18/04/2019,83127,MR CSI300 ETF-R,0,0
18/04/2019,83128,HS AINDTOPETF-R,0,0
18/04/2019,83129,CSOP 300SMART-R,0,0
18/04/2019,83136,HGI MSCIA50-R,0,0
18/04/2019,83137,CSOP CES A80-R,0,0
18/04/2019,83140,VANGUARDSP500-R,0,0
18/04/2019,83146,ISHARESDAX-R,0,0
18/04/2019,83147,CSOP CHINEXT-R,0,0
18/04/2019,83149,CSOP MSCI-R,0,0
18/04/2019,83150,HGI CSI500-R,0,0
18/04/2019,83155,ISHARESES50-R,0,0
18/04/2019,83156,GFI MSCI A I-R,0,0
18/04/2019,83167,ICBCCSOPCHINA-R,0,0
18/04/2019,83168,HS RMB GOLD ETF,0,0
18/04/2019,83169,VANGUARDCHINA-R,0,0
18/04/2019,83170,ISHARESKS200-R,0,0
18/04/2019,83180,CAM CES A80-R,0,0
18/04/2019,83186,CICCKRANECNET-R,0,0
18/04/2019,83188,CAM CSI300-R,116200,5569466
18/04/2019,83197,CAM MSCI AINC-R,0,0
18/04/2019,83199,CSOP 5YCGBOND-R,0,0
18/04/2019,87001,HUI XIAN REIT,0,0
